-- phpMyAdmin SQL Dump
-- version 4.4.15.7
-- http://www.phpmyadmin.net
--
-- Хост: 127.0.0.1:3306
-- Время создания: Дек 18 2017 г., 19:39
-- Версия сервера: 5.6.31
-- Версия PHP: 5.6.23

SET SQL_MODE = "NO_AUTO_VALUE_ON_ZERO";
SET time_zone = "+00:00";


/*!40101 SET @OLD_CHARACTER_SET_CLIENT=@@CHARACTER_SET_CLIENT */;
/*!40101 SET @OLD_CHARACTER_SET_RESULTS=@@CHARACTER_SET_RESULTS */;
/*!40101 SET @OLD_COLLATION_CONNECTION=@@COLLATION_CONNECTION */;
/*!40101 SET NAMES utf8mb4 */;

--
-- База данных: `udemy.php`
--

-- --------------------------------------------------------

--
-- Структура таблицы `comments`
--

CREATE TABLE IF NOT EXISTS `comments` (
  `id` int(11) NOT NULL,
  `photo_id` int(11) NOT NULL,
  `author` varchar(255) COLLATE utf8_unicode_ci NOT NULL,
  `body` text COLLATE utf8_unicode_ci NOT NULL,
  `created_at` datetime NOT NULL,
  `updated_at` datetime NOT NULL
) ENGINE=InnoDB AUTO_INCREMENT=99 DEFAULT CHARSET=utf8 COLLATE=utf8_unicode_ci;

--
-- Дамп данных таблицы `comments`
--

INSERT INTO `comments` (`id`, `photo_id`, `author`, `body`, `created_at`, `updated_at`) VALUES
(31, 12, 'Вася', 'Повседневная практика показывает, что сложившаяся структура организации играет важную роль в формировании новых предложений. Товарищи! постоянное информационно-пропагандистское обеспечение нашей деятельности позволяет выполнять важные задания по разработке направлений прогрессивного развития. С другой стороны начало повседневной работы по формированию позиции требуют от нас анализа соответствующий условий активизации. Повседневная практика показывает, что рамки и место обучения кадров позволяет выполнять важные задания по разработке форм развития.', '2017-10-07 18:54:54', '0000-00-00 00:00:00'),
(33, 18, 'Коля', 'Идейные соображения высшего порядка, а также реализация намеченных плановых заданий играет важную роль в формировании систем массового участия. Значимость этих проблем настолько очевидна, что укрепление и развитие структуры влечет за собой процесс внедрения и модернизации позиций, занимаемых участниками в отношении поставленных задач.', '2017-10-07 18:57:07', '0000-00-00 00:00:00'),
(38, 12, 'Петя', 'Товарищи! начало повседневной работы по формированию позиции в значительной степени обуславливает создание направлений прогрессивного развития. Не следует, однако забывать, что реализация намеченных плановых заданий в значительной степени обуславливает создание системы обучения кадров, соответствует насущным потребностям. Товарищи! реализация намеченных плановых заданий способствует подготовки и реализации модели развития. Не следует, однако забывать, что укрепление и развитие структуры способствует подготовки и реализации модели развития. Задача организации, в особенности же укрепление и развитие структуры требуют определения и уточнения дальнейших направлений развития.', '2017-10-08 16:23:33', '0000-00-00 00:00:00'),
(41, 20, 'Вася', 'Значимость этих проблем настолько очевидна, что дальнейшее развитие различных форм деятельности влечет за собой процесс внедрения и модернизации соответствующий условий активизации. Задача организации, в особенности же рамки и место обучения кадров', '2017-10-08 17:10:04', '0000-00-00 00:00:00'),
(42, 24, 'Петя', 'Значимость этих проблем настолько очевидна, что дальнейшее развитие различных форм деятельности влечет за собой процесс внедрения и модернизации соответствующий условий активизации. Задача организации, в особенности же рамки и место обучения кадров', '2017-10-08 17:11:45', '0000-00-00 00:00:00'),
(47, 23, 'Петя', 'Хотя любой корректный PHP-код может находиться внутри пространства имен, только классы (включая абстрактные и трейты), интерфейсы, функции и константы зависят от него.', '2017-10-08 19:15:23', '0000-00-00 00:00:00'),
(48, 13, 'Петя', 'Пространства имен объявляются с помощью зарезервированного слова namespace. Файл, содержащий пространство имен, должен содержать его объявление в начале перед любым другим кодом, кроме зарезервированного слова declare.', '2017-10-08 19:32:05', '0000-00-00 00:00:00'),
(49, 13, 'Вася', 'Только выражение declare может находиться перед объявлением пространства имен для указания кодировки файла. Кроме того, объявлению пространства имен не должен предшествовать не-PHP код, в том числе лишние пробелы:', '2017-10-08 19:33:52', '0000-00-00 00:00:00'),
(50, 29, 'Paul', 'Задача организации, в особенности же рамки и место обучения кадров в значительной степени обуславливает создание существенных финансовых и административных условий. Задача организации, в особенности же постоянный количественный рост и сфера нашей активности способствует подготовки и реализации системы обучения кадров, соответствует насущным потребностям. Задача организации, в особенности же дальнейшее развитие различных форм деятельности способствует подготовки и реализации существенных финансовых и административных условий.', '2017-10-13 22:04:04', '0000-00-00 00:00:00'),
(52, 26, 'Kolya', 'Разнообразный и богатый опыт начало повседневной работы по формированию позиции влечет за собой процесс внедрения и модернизации систем массового участия. Повседневная практика показывает, что дальнейшее развитие различных форм деятельности представляет собой интересный эксперимент проверки модели развития. Товарищи! консультация с широким активом в значительной степени обуславливает создание направлений прогрессивного развития. Разнообразный и богатый опыт рамки и место обучения кадров требуют от нас анализа соответствующий условий активизации.', '2017-10-15 15:59:51', '0000-00-00 00:00:00'),
(54, 27, 'Петя', 'Не следует, однако забывать, что постоянный количественный рост и сфера нашей активности в значительной степени обуславливает создание существенных финансовых и административных условий.', '2017-10-15 17:25:32', '0000-00-00 00:00:00'),
(55, 26, 'Петя', 'Не следует, однако забывать, что дальнейшее развитие различных форм деятельности позволяет выполнять важные задания по разработке системы обучения кадров, соответствует насущным потребностям. Разнообразный и богатый опыт постоянный количественный рост и сфера нашей активности позволяет выполнять важные задания по разработке модели развития.', '2017-10-18 19:41:33', '0000-00-00 00:00:00'),
(58, 27, 'Коля', 'Повседневная практика показывает, что новая модель организационной деятельности влечет за собой процесс внедрения и модернизации позиций, занимаемых участниками в отношении поставленных задач. Идейные соображения высшего порядка, а также сложившаяся структура организации представляет собой интересный эксперимент проверки модели развития.', '2017-10-18 19:47:16', '0000-00-00 00:00:00'),
(62, 20, 'Петя', 'Задача организации, в особенности же новая модель организационной деятельности позволяет оценить значение дальнейших направлений развития. Значимость этих проблем настолько очевидна, что консультация с широким активом в значительной степени обуславливает создание новых предложений. Не следует, однако забывать, что реализация намеченных плановых заданий обеспечивает широкому кругу (специалистов) участие в формировании системы обучения кадров, соответствует насущным потребностям. Задача организации, в особенности же консультация с широким активом в значительной степени обуславливает создание модели развития. Не следует, однако забывать, что рамки и место обучения кадров способствует подготовки и реализации системы обучения кадров, соответствует насущным потребностям.', '2017-10-18 20:00:24', '0000-00-00 00:00:00'),
(63, 20, 'Слава', 'Таким образом постоянный количественный рост и сфера нашей активности требуют определения и уточнения форм развития. Равным образом консультация с широким активом обеспечивает широкому кругу (специалистов) участие в формировании дальнейших направлений развития. Разнообразный и богатый опыт постоянный количественный рост и сфера нашей активности представляет собой интересный эксперимент проверки форм развития. Значимость этих проблем настолько очевидна, что дальнейшее развитие различных форм деятельности требуют определения и уточнения соответствующий условий активизации.', '2017-10-18 20:02:25', '0000-00-00 00:00:00'),
(67, 24, 'Вася', 'Не следует, однако забывать, что укрепление и развитие структуры играет важную роль в формировании новых предложений. Равным образом сложившаяся структура организации представляет собой интересный эксперимент проверки соответствующий условий активизации.', '2017-10-18 21:19:06', '0000-00-00 00:00:00'),
(70, 24, 'Вася', 'Равным образом реализация намеченных плановых заданий играет важную роль в формировании существенных финансовых и административных условий. Таким образом дальнейшее развитие различных форм деятельности в значительной степени обуславливает создание форм развития.', '2017-10-19 19:04:16', '0000-00-00 00:00:00'),
(71, 30, 'Вася', 'Равным образом реализация намеченных плановых заданий играет важную роль в формировании существенных финансовых и административных условий. Таким образом дальнейшее развитие различных форм деятельности в значительной степени обуславливает создание форм развития.', '2017-10-19 19:12:26', '0000-00-00 00:00:00'),
(72, 30, 'Петя', 'Не следует, однако забывать, что дальнейшее развитие различных форм деятельности в значительной степени обуславливает создание направлений прогрессивного развития. Идейные соображения высшего порядка, а также консультация с широким активом требуют определения и уточнения направлений прогрессивного развития.', '2017-10-19 19:13:35', '0000-00-00 00:00:00'),
(73, 30, 'Света', 'С другой стороны постоянное информационно-пропагандистское обеспечение нашей деятельности в значительной степени обуславливает создание позиций, занимаемых участниками в отношении поставленных задач.', '2017-10-19 19:15:35', '0000-00-00 00:00:00'),
(77, 29, 'Vasya', 'С другой стороны постоянное информационно-пропагандистское обеспечение нашей деятельности в значительной степени обуславливает создание позиций, занимаемых участниками в отношении поставленных задач.', '2017-10-19 19:18:59', '0000-00-00 00:00:00'),
(78, 29, 'Dima', 'Равным образом реализация намеченных плановых заданий играет важную роль в формировании существенных финансовых и административных условий. Таким образом дальнейшее развитие различных форм деятельности в значительной степени обуславливает создание форм развития.', '2017-10-19 19:21:39', '0000-00-00 00:00:00'),
(79, 29, 'vasya_pupkin', 'Равным образом реализация намеченных плановых заданий играет важную роль в формировании существенных финансовых и административных условий. Таким образом дальнейшее развитие различных форм деятельности в значительной степени обуславливает создание форм развития.', '2017-10-19 19:21:39', '0000-00-00 00:00:00'),
(80, 32, 'V. Pupkin', 'Товарищи! начало повседневной работы по формированию позиции позволяет оценить значение системы обучения кадров, соответствует насущным потребностям. Задача организации, в особенности же рамки и место обучения кадров требуют определения и уточнения направлений прогрессивного развития. Разнообразный и богатый опыт начало повседневной работы по формированию позиции способствует подготовки и реализации системы обучения кадров, соответствует насущным потребностям.', '2017-10-19 20:07:53', '0000-00-00 00:00:00'),
(81, 32, 'Петя', 'Идейные соображения высшего порядка, а также постоянное информационно-пропагандистское обеспечение нашей деятельности требуют от нас анализа модели развития. Таким образом рамки и место обучения кадров представляет собой интересный эксперимент проверки системы обучения кадров, соответствует насущным потребностям. Повседневная практика показывает, что консультация с широким активом требуют определения и уточнения направлений прогрессивного развития.', '2017-10-19 20:09:16', '0000-00-00 00:00:00'),
(89, 23, 'Коля', 'Повседневная практика показывает, что укрепление и развитие структуры в значительной степени обуславливает создание систем массового участия. Разнообразный и богатый опыт начало повседневной работы по формированию позиции позволяет выполнять важные задания по разработке позиций,', '2017-10-19 20:17:09', '0000-00-00 00:00:00'),
(90, 23, 'Света', 'Товарищи! начало повседневной работы по формированию позиции позволяет оценить значение системы обучения кадров, соответствует насущным потребностям. Задача организации, в особенности же рамки и место обучения кадров требуют определения и уточнения направлений прогрессивного развития. Разнообразный и богатый опыт начало повседневной работы по формированию позиции способствует подготовки и реализации системы обучения кадров, соответствует насущным потребностям.', '2017-10-19 20:18:01', '0000-00-00 00:00:00'),
(91, 23, 'Вася', 'Идейные соображения высшего порядка, а также постоянное информационно-пропагандистское обеспечение нашей деятельности требуют от нас анализа модели развития. Таким образом рамки и место обучения кадров представляет собой интересный эксперимент проверки системы обучения кадров, соответствует насущным потребностям. Повседневная практика показывает, что консультация с широким активом требуют определения и уточнения направлений прогрессивного развития.', '2017-10-19 20:18:36', '0000-00-00 00:00:00'),
(92, 23, 'Петя', 'Не следует, однако забывать, что рамки и место обучения кадров позволяет оценить значение существенных финансовых и административных условий. С другой стороны рамки и место обучения кадров требуют от нас анализа форм развития. Не следует, однако забывать, что сложившаяся структура организации влечет за собой процесс внедрения и модернизации дальнейших направлений развития.', '2017-10-19 20:19:41', '0000-00-00 00:00:00'),
(96, 32, 'Света', 'Не следует, однако забывать, что рамки и место обучения кадров позволяет оценить значение существенных финансовых и административных условий. С другой стороны рамки и место обучения кадров требуют от нас анализа форм развития. Не следует, однако забывать, что сложившаяся структура организации влечет за собой процесс внедрения и модернизации дальнейших направлений развития.', '2017-10-19 20:24:33', '0000-00-00 00:00:00'),
(97, 31, 'Вася', 'Задача организации, в особенности же укрепление и развитие структуры в значительной степени обуславливает создание модели развития. С другой стороны рамки и место обучения кадров требуют от нас анализа новых предложений.\n\nЗадача организации, в особенности же рамки и место обучения кадров играет важную роль в формировании дальнейших направлений развития. Идейные соображения высшего порядка, а также рамки и место обучения кадров позволяет выполнять важные задания по разработке модели развития. Значимость этих проблем настолько очевидна, что консультация с широким активом в значительной степени обуславливает создание новых предложений.', '2017-11-25 20:52:13', '0000-00-00 00:00:00'),
(98, 31, 'Петя', 'Товарищи! начало повседневной работы по формированию позиции требуют от нас анализа существенных финансовых и административных условий. Не следует, однако забывать, что новая модель организационной деятельности позволяет оценить значение соответствующий условий активизации.', '2017-11-25 20:52:54', '0000-00-00 00:00:00');

-- --------------------------------------------------------

--
-- Структура таблицы `photos`
--

CREATE TABLE IF NOT EXISTS `photos` (
  `id` int(11) NOT NULL,
  `title` varchar(255) NOT NULL,
  `caption` varchar(255) NOT NULL,
  `description` text NOT NULL,
  `filename` varchar(255) NOT NULL,
  `alternate_text` varchar(255) NOT NULL,
  `type` varchar(255) NOT NULL,
  `size` int(11) NOT NULL,
  `created_at` datetime DEFAULT NULL,
  `updated_at` datetime DEFAULT NULL
) ENGINE=InnoDB AUTO_INCREMENT=35 DEFAULT CHARSET=utf8;

--
-- Дамп данных таблицы `photos`
--

INSERT INTO `photos` (`id`, `title`, `caption`, `description`, `filename`, `alternate_text`, `type`, `size`, `created_at`, `updated_at`) VALUES
(13, 'Манхэттен', 'manhatton', '<p><span style="color: #333333; font-family: ''Source Sans Pro''; text-align: justify;">Идейные соображения высшего порядка, а также начало повседневной работы по формированию позиции позволяет выполнять важные задания по разработке дальнейших направлений развития. Повседневная практика показывает, что рамки и место обучения кадров представляет собой интересный эксперимент проверки модели развития.&nbsp;</span></p>', '5987783.jpg', 'manhatton', 'image/jpeg', 253031, '2017-09-28 19:55:56', '2017-11-25 21:40:28'),
(20, 'Джунгли', 'jungle', '<p><span style="color: #333333; font-family: ''Source Sans Pro''; text-align: justify;">Повседневная практика показывает, что сложившаяся структура организации требуют определения и уточнения систем массового участия. Товарищи! постоянный количественный рост и сфера нашей активности влечет за собой процесс внедрения и модернизации модели развития.</span></p>', 'maxresdefault.jpg', 'jungle', 'image/jpeg', 645494, '2017-09-12 00:00:00', NULL),
(23, 'Лаос', 'Laos', '<p><span style="color: #333333; font-family: ''Source Sans Pro''; text-align: justify;">Товарищи! сложившаяся структура организации позволяет выполнять важные задания по разработке дальнейших направлений развития. Разнообразный и богатый опыт дальнейшее развитие различных форм деятельности влечет за собой процесс внедрения и модернизации форм развития. Не следует, однако забывать, что рамки и место обучения кадров обеспечивает широкому кругу (специалистов) участие в формировании направлений прогрессивного развития. Задача организации, в особенности же укрепление и развитие структуры требуют от нас анализа систем массового участия. Задача организации, в особенности же новая модель организационной деятельности обеспечивает широкому кругу (специалистов) участие в формировании существенных финансовых и административных условий.</span></p>', 'kamienie-drzewa-paprocie-strumyk.jpeg', 'Laos', 'image/jpeg', 1269035, '2017-09-28 19:30:30', NULL),
(24, 'Россия', 'Russian', '<p style="margin: 0.5em 0px; line-height: inherit; color: #222222; font-family: sans-serif;"><strong>Росси́я</strong>&nbsp;(от&nbsp;<a style="text-decoration-line: none; color: #0b0080; background: none;" title="Греческий язык" href="https://ru.wikipedia.org/wiki/%D0%93%D1%80%D0%B5%D1%87%D0%B5%D1%81%D0%BA%D0%B8%D0%B9_%D1%8F%D0%B7%D1%8B%D0%BA">греч.</a>&nbsp;<span lang="el"><span style="font-family: ''palatino linotype'', ''new athena unicode'', athena, gentium, code2000, serif; font-size: 14.7px;">&Rho;&omega;&sigma;ί&alpha;</span></span>&nbsp;&mdash;&nbsp;<a style="text-decoration-line: none; color: #0b0080; background: none;" title="Русь" href="https://ru.wikipedia.org/wiki/%D0%A0%D1%83%D1%81%D1%8C">Русь</a><sup id="cite_ref-NRE1_20-0" class="reference" style="line-height: 1em; unicode-bidi: isolate; white-space: nowrap; font-size: 11.2px;"><a style="text-decoration-line: none; color: #0b0080; background: none;" href="https://ru.wikipedia.org/wiki/%D0%A0%D0%BE%D1%81%D1%81%D0%B8%D1%8F#cite_note-NRE1-20">[15]</a></sup>; официально&nbsp;<strong>Росси́йская Федера́ция</strong><sup id="cite_ref-21" class="reference" style="line-height: 1em; unicode-bidi: isolate; white-space: nowrap; font-size: 11.2px;"><a style="text-decoration-line: none; color: #0b0080; background: none;" href="https://ru.wikipedia.org/wiki/%D0%A0%D0%BE%D1%81%D1%81%D0%B8%D1%8F#cite_note-21">[К 6]</a></sup>, на практике используется и&nbsp;<a style="text-decoration-line: none; color: #0b0080; background: none;" title="Аббревиатура" href="https://ru.wikipedia.org/wiki/%D0%90%D0%B1%D0%B1%D1%80%D0%B5%D0%B2%D0%B8%D0%B0%D1%82%D1%83%D1%80%D0%B0">аббревиатура</a>&nbsp;<strong>РФ</strong><sup id="cite_ref-22" class="reference" style="line-height: 1em; unicode-bidi: isolate; white-space: nowrap; font-size: 11.2px;"><a style="text-decoration-line: none; color: #0b0080; background: none;" href="https://ru.wikipedia.org/wiki/%D0%A0%D0%BE%D1%81%D1%81%D0%B8%D1%8F#cite_note-22">[К 7]</a></sup>)&nbsp;&mdash;&nbsp;<a style="text-decoration-line: none; color: #0b0080; background: none;" title="Государство" href="https://ru.wikipedia.org/wiki/%D0%93%D0%BE%D1%81%D1%83%D0%B4%D0%B0%D1%80%D1%81%D1%82%D0%B2%D0%BE">государство</a>&nbsp;в&nbsp;<a style="text-decoration-line: none; color: #0b0080; background: none;" title="Восточная Европа" href="https://ru.wikipedia.org/wiki/%D0%92%D0%BE%D1%81%D1%82%D0%BE%D1%87%D0%BD%D0%B0%D1%8F_%D0%95%D0%B2%D1%80%D0%BE%D0%BF%D0%B0">Восточной Европе</a>&nbsp;и&nbsp;<a style="text-decoration-line: none; color: #0b0080; background: none;" title="Северная Азия" href="https://ru.wikipedia.org/wiki/%D0%A1%D0%B5%D0%B2%D0%B5%D1%80%D0%BD%D0%B0%D1%8F_%D0%90%D0%B7%D0%B8%D1%8F">Северной Азии</a>. Население&nbsp;&mdash; 146&nbsp;804&nbsp;372<sup id="cite_ref-2017AA_10-1" class="reference" style="line-height: 1em; unicode-bidi: isolate; white-space: nowrap; font-size: 11.2px;"><a style="text-decoration-line: none; color: #0b0080; background: none;" href="https://ru.wikipedia.org/wiki/%D0%A0%D0%BE%D1%81%D1%81%D0%B8%D1%8F#cite_note-2017AA-10">[7]</a></sup>&nbsp;чел. (<a class="mw-redirect" style="text-decoration-line: none; color: #0b0080; background: none;" title="2017" href="https://ru.wikipedia.org/wiki/2017">2017</a>). Территория России, определяемая её&nbsp;<a style="text-decoration-line: none; color: #0b0080; background: none;" title="Конституция Российской Федерации" href="https://ru.wikipedia.org/wiki/%D0%9A%D0%BE%D0%BD%D1%81%D1%82%D0%B8%D1%82%D1%83%D1%86%D0%B8%D1%8F_%D0%A0%D0%BE%D1%81%D1%81%D0%B8%D0%B9%D1%81%D0%BA%D0%BE%D0%B9_%D0%A4%D0%B5%D0%B4%D0%B5%D1%80%D0%B0%D1%86%D0%B8%D0%B8">Конституцией</a>, составляет 17&nbsp;125&nbsp;191<sup id="cite_ref-Area2016_8-2" class="reference" style="line-height: 1em; unicode-bidi: isolate; white-space: nowrap; font-size: 11.2px;"><a style="text-decoration-line: none; color: #0b0080; background: none;" href="https://ru.wikipedia.org/wiki/%D0%A0%D0%BE%D1%81%D1%81%D0%B8%D1%8F#cite_note-Area2016-8">[6]</a></sup><sup id="cite_ref-plos_9-1" class="reference" style="line-height: 1em; unicode-bidi: isolate; white-space: nowrap; font-size: 11.2px;"><a style="text-decoration-line: none; color: #0b0080; background: none;" href="https://ru.wikipedia.org/wiki/%D0%A0%D0%BE%D1%81%D1%81%D0%B8%D1%8F#cite_note-plos-9">[К 3]</a></sup>&nbsp;км&sup2;. Занимает&nbsp;<a style="text-decoration-line: none; color: #0b0080; background: none;" title="Список государств и зависимых территорий по площади" href="https://ru.wikipedia.org/wiki/%D0%A1%D0%BF%D0%B8%D1%81%D0%BE%D0%BA_%D0%B3%D0%BE%D1%81%D1%83%D0%B4%D0%B0%D1%80%D1%81%D1%82%D0%B2_%D0%B8_%D0%B7%D0%B0%D0%B2%D0%B8%D1%81%D0%B8%D0%BC%D1%8B%D1%85_%D1%82%D0%B5%D1%80%D1%80%D0%B8%D1%82%D0%BE%D1%80%D0%B8%D0%B9_%D0%BF%D0%BE_%D0%BF%D0%BB%D0%BE%D1%89%D0%B0%D0%B4%D0%B8">первое место в мире по территории</a><span class="noprint" style="margin-left: 3px;" title="#Географическое положение"><a style="text-decoration-line: none; color: #0b0080; background: none;" title="#Географическое положение" href="https://ru.wikipedia.org/wiki/%D0%A0%D0%BE%D1%81%D1%81%D0%B8%D1%8F#.D0.93.D0.B5.D0.BE.D0.B3.D1.80.D0.B0.D1.84.D0.B8.D1.87.D0.B5.D1.81.D0.BA.D0.BE.D0.B5_.D0.BF.D0.BE.D0.BB.D0.BE.D0.B6.D0.B5.D0.BD.D0.B8.D0.B5"><img style="border: 0px; vertical-align: baseline; margin: 0px;" src="https://upload.wikimedia.org/wikipedia/commons/thumb/4/45/Arrow_Blue_Right_001.svg/10px-Arrow_Blue_Right_001.svg.png" srcset="//upload.wikimedia.org/wikipedia/commons/thumb/4/45/Arrow_Blue_Right_001.svg/15px-Arrow_Blue_Right_001.svg.png 1.5x, //upload.wikimedia.org/wikipedia/commons/thumb/4/45/Arrow_Blue_Right_001.svg/20px-Arrow_Blue_Right_001.svg.png 2x" alt="" width="10" height="10" data-file-width="100" data-file-height="100" /></a></span>,&nbsp;<a style="text-decoration-line: none; color: #0b0080; background: none;" title="Список стран по ВВП (ППС)" href="https://ru.wikipedia.org/wiki/%D0%A1%D0%BF%D0%B8%D1%81%D0%BE%D0%BA_%D1%81%D1%82%D1%80%D0%B0%D0%BD_%D0%BF%D0%BE_%D0%92%D0%92%D0%9F_(%D0%9F%D0%9F%D0%A1)">шестое&nbsp;&mdash; по объёму ВВП по ППС</a><span class="noprint" style="margin-left: 3px;" title="#Экономика и финансы"><a style="text-decoration-line: none; color: #0b0080; background: none;" title="#Экономика и финансы" href="https://ru.wikipedia.org/wiki/%D0%A0%D0%BE%D1%81%D1%81%D0%B8%D1%8F#.D0.AD.D0.BA.D0.BE.D0.BD.D0.BE.D0.BC.D0.B8.D0.BA.D0.B0_.D0.B8_.D1.84.D0.B8.D0.BD.D0.B0.D0.BD.D1.81.D1.8B"><img style="border: 0px; vertical-align: baseline; margin: 0px;" src="https://upload.wikimedia.org/wikipedia/commons/thumb/4/45/Arrow_Blue_Right_001.svg/10px-Arrow_Blue_Right_001.svg.png" srcset="//upload.wikimedia.org/wikipedia/commons/thumb/4/45/Arrow_Blue_Right_001.svg/15px-Arrow_Blue_Right_001.svg.png 1.5x, //upload.wikimedia.org/wikipedia/commons/thumb/4/45/Arrow_Blue_Right_001.svg/20px-Arrow_Blue_Right_001.svg.png 2x" alt="" width="10" height="10" data-file-width="100" data-file-height="100" /></a></span>&nbsp;и&nbsp;<a style="text-decoration-line: none; color: #0b0080; background: none;" title="Список стран по населению" href="https://ru.wikipedia.org/wiki/%D0%A1%D0%BF%D0%B8%D1%81%D0%BE%D0%BA_%D1%81%D1%82%D1%80%D0%B0%D0%BD_%D0%BF%D0%BE_%D0%BD%D0%B0%D1%81%D0%B5%D0%BB%D0%B5%D0%BD%D0%B8%D1%8E">девятое&nbsp;&mdash; по численности населения</a>.<span class="noprint" style="margin-left: 3px;" title="#Численность населения, расселение"><a style="text-decoration-line: none; color: #0b0080; background: none;" title="#Численность населения, расселение" href="https://ru.wikipedia.org/wiki/%D0%A0%D0%BE%D1%81%D1%81%D0%B8%D1%8F#.D0.A7.D0.B8.D1.81.D0.BB.D0.B5.D0.BD.D0.BD.D0.BE.D1.81.D1.82.D1.8C_.D0.BD.D0.B0.D1.81.D0.B5.D0.BB.D0.B5.D0.BD.D0.B8.D1.8F.2C_.D1.80.D0.B0.D1.81.D1.81.D0.B5.D0.BB.D0.B5.D0.BD.D0.B8.D0.B5"><img style="border: 0px; vertical-align: baseline; margin: 0px;" src="https://upload.wikimedia.org/wikipedia/commons/thumb/4/45/Arrow_Blue_Right_001.svg/10px-Arrow_Blue_Right_001.svg.png" srcset="//upload.wikimedia.org/wikipedia/commons/thumb/4/45/Arrow_Blue_Right_001.svg/15px-Arrow_Blue_Right_001.svg.png 1.5x, //upload.wikimedia.org/wikipedia/commons/thumb/4/45/Arrow_Blue_Right_001.svg/20px-Arrow_Blue_Right_001.svg.png 2x" alt="" width="10" height="10" data-file-width="100" data-file-height="100" /></a></span></p>\r\n<p style="margin: 0.5em 0px; line-height: inherit; color: #222222; font-family: sans-serif;">Столица&nbsp;&mdash;&nbsp;<a style="text-decoration-line: none; color: #0b0080; background: none;" title="Москва" href="https://ru.wikipedia.org/wiki/%D0%9C%D0%BE%D1%81%D0%BA%D0%B2%D0%B0">Москва</a>.&nbsp;<a style="text-decoration-line: none; color: #0b0080; background: none;" title="Официальный язык" href="https://ru.wikipedia.org/wiki/%D0%9E%D1%84%D0%B8%D1%86%D0%B8%D0%B0%D0%BB%D1%8C%D0%BD%D1%8B%D0%B9_%D1%8F%D0%B7%D1%8B%D0%BA">Государственный язык</a>&nbsp;&mdash;&nbsp;<a style="text-decoration-line: none; color: #0b0080; background: none;" title="Русский язык" href="https://ru.wikipedia.org/wiki/%D0%A0%D1%83%D1%81%D1%81%D0%BA%D0%B8%D0%B9_%D1%8F%D0%B7%D1%8B%D0%BA">русский</a>.<span class="noprint" style="margin-left: 3px;" title="#Языки"><a style="text-decoration-line: none; color: #0b0080; background: none;" title="#Языки" href="https://ru.wikipedia.org/wiki/%D0%A0%D0%BE%D1%81%D1%81%D0%B8%D1%8F#.D0.AF.D0.B7.D1.8B.D0.BA.D0.B8"><img style="border: 0px; vertical-align: baseline; margin: 0px;" src="https://upload.wikimedia.org/wikipedia/commons/thumb/4/45/Arrow_Blue_Right_001.svg/10px-Arrow_Blue_Right_001.svg.png" srcset="//upload.wikimedia.org/wikipedia/commons/thumb/4/45/Arrow_Blue_Right_001.svg/15px-Arrow_Blue_Right_001.svg.png 1.5x, //upload.wikimedia.org/wikipedia/commons/thumb/4/45/Arrow_Blue_Right_001.svg/20px-Arrow_Blue_Right_001.svg.png 2x" alt="" width="10" height="10" data-file-width="100" data-file-height="100" /></a></span></p>\r\n<p style="margin: 0.5em 0px; line-height: inherit; color: #222222; font-family: sans-serif;"><a style="text-decoration-line: none; color: #0b0080; background: none;" title="Смешанная республика" href="https://ru.wikipedia.org/wiki/%D0%A1%D0%BC%D0%B5%D1%88%D0%B0%D0%BD%D0%BD%D0%B0%D1%8F_%D1%80%D0%B5%D1%81%D0%BF%D1%83%D0%B1%D0%BB%D0%B8%D0%BA%D0%B0">Президентско-парламентская республика</a><sup id="cite_ref-atlas_7-1" class="reference" style="line-height: 1em; unicode-bidi: isolate; white-space: nowrap; font-size: 11.2px;"><a style="text-decoration-line: none; color: #0b0080; background: none;" href="https://ru.wikipedia.org/wiki/%D0%A0%D0%BE%D1%81%D1%81%D0%B8%D1%8F#cite_note-atlas-7">[5]</a></sup>&nbsp;<a style="text-decoration-line: none; color: #0b0080; background: none;" title="Федеративное государство" href="https://ru.wikipedia.org/wiki/%D0%A4%D0%B5%D0%B4%D0%B5%D1%80%D0%B0%D1%82%D0%B8%D0%B2%D0%BD%D0%BE%D0%B5_%D0%B3%D0%BE%D1%81%D1%83%D0%B4%D0%B0%D1%80%D1%81%D1%82%D0%B2%D0%BE">федеративного устройства</a>. В мае 2012 года пост&nbsp;<a class="mw-redirect" style="text-decoration-line: none; color: #0b0080; background: none;" title="Президент России" href="https://ru.wikipedia.org/wiki/%D0%9F%D1%80%D0%B5%D0%B7%D0%B8%D0%B4%D0%B5%D0%BD%D1%82_%D0%A0%D0%BE%D1%81%D1%81%D0%B8%D0%B8">Президента</a>&nbsp;занял&nbsp;<a style="text-decoration-line: none; color: #0b0080; background: none;" title="Путин, Владимир Владимирович" href="https://ru.wikipedia.org/wiki/%D0%9F%D1%83%D1%82%D0%B8%D0%BD,_%D0%92%D0%BB%D0%B0%D0%B4%D0%B8%D0%BC%D0%B8%D1%80_%D0%92%D0%BB%D0%B0%D0%B4%D0%B8%D0%BC%D0%B8%D1%80%D0%BE%D0%B2%D0%B8%D1%87">Владимир Путин</a>,&nbsp;<a style="text-decoration-line: none; color: #0b0080; background: none;" title="Председатель Правительства Российской Федерации" href="https://ru.wikipedia.org/wiki/%D0%9F%D1%80%D0%B5%D0%B4%D1%81%D0%B5%D0%B4%D0%B0%D1%82%D0%B5%D0%BB%D1%8C_%D0%9F%D1%80%D0%B0%D0%B2%D0%B8%D1%82%D0%B5%D0%BB%D1%8C%D1%81%D1%82%D0%B2%D0%B0_%D0%A0%D0%BE%D1%81%D1%81%D0%B8%D0%B9%D1%81%D0%BA%D0%BE%D0%B9_%D0%A4%D0%B5%D0%B4%D0%B5%D1%80%D0%B0%D1%86%D0%B8%D0%B8">Председателя Правительства</a>&nbsp;&mdash;&nbsp;<a style="text-decoration-line: none; color: #0b0080; background: none;" title="Медведев, Дмитрий Анатольевич" href="https://ru.wikipedia.org/wiki/%D0%9C%D0%B5%D0%B4%D0%B2%D0%B5%D0%B4%D0%B5%D0%B2,_%D0%94%D0%BC%D0%B8%D1%82%D1%80%D0%B8%D0%B9_%D0%90%D0%BD%D0%B0%D1%82%D0%BE%D0%BB%D1%8C%D0%B5%D0%B2%D0%B8%D1%87">Дмитрий Медведев</a>.<span class="noprint" style="margin-left: 3px;" title="#Государственное устройство"><a style="text-decoration-line: none; color: #0b0080; background: none;" title="#Государственное устройство" href="https://ru.wikipedia.org/wiki/%D0%A0%D0%BE%D1%81%D1%81%D0%B8%D1%8F#.D0.93.D0.BE.D1.81.D1.83.D0.B4.D0.B0.D1.80.D1.81.D1.82.D0.B2.D0.B5.D0.BD.D0.BD.D0.BE.D0.B5_.D1.83.D1.81.D1.82.D1.80.D0.BE.D0.B9.D1.81.D1.82.D0.B2.D0.BE"><img style="border: 0px; vertical-align: baseline; margin: 0px;" src="https://upload.wikimedia.org/wikipedia/commons/thumb/4/45/Arrow_Blue_Right_001.svg/10px-Arrow_Blue_Right_001.svg.png" srcset="//upload.wikimedia.org/wikipedia/commons/thumb/4/45/Arrow_Blue_Right_001.svg/15px-Arrow_Blue_Right_001.svg.png 1.5x, //upload.wikimedia.org/wikipedia/commons/thumb/4/45/Arrow_Blue_Right_001.svg/20px-Arrow_Blue_Right_001.svg.png 2x" alt="" width="10" height="10" data-file-width="100" data-file-height="100" /></a></span></p>\r\n<p style="margin: 0.5em 0px; line-height: inherit; color: #222222; font-family: sans-serif;">В состав Российской Федерации входят&nbsp;<a style="text-decoration-line: none; color: #0b0080; background: none;" title="Субъекты Российской Федерации" href="https://ru.wikipedia.org/wiki/%D0%A1%D1%83%D0%B1%D1%8A%D0%B5%D0%BA%D1%82%D1%8B_%D0%A0%D0%BE%D1%81%D1%81%D0%B8%D0%B9%D1%81%D0%BA%D0%BE%D0%B9_%D0%A4%D0%B5%D0%B4%D0%B5%D1%80%D0%B0%D1%86%D0%B8%D0%B8">85 субъектов</a><sup id="cite_ref-krym_1-1" class="reference" style="line-height: 1em; unicode-bidi: isolate; white-space: nowrap; font-size: 11.2px;"><a style="text-decoration-line: none; color: #0b0080; background: none;" href="https://ru.wikipedia.org/wiki/%D0%A0%D0%BE%D1%81%D1%81%D0%B8%D1%8F#cite_note-krym-1">[К 1]</a></sup>, 46 из которых именуются&nbsp;<a style="text-decoration-line: none; color: #0b0080; background: none;" title="Область (Россия)" href="https://ru.wikipedia.org/wiki/%D0%9E%D0%B1%D0%BB%D0%B0%D1%81%D1%82%D1%8C_(%D0%A0%D0%BE%D1%81%D1%81%D0%B8%D1%8F)">областями</a>, 22&nbsp;&mdash;&nbsp;<a style="text-decoration-line: none; color: #0b0080; background: none;" title="Республика (Россия)" href="https://ru.wikipedia.org/wiki/%D0%A0%D0%B5%D1%81%D0%BF%D1%83%D0%B1%D0%BB%D0%B8%D0%BA%D0%B0_(%D0%A0%D0%BE%D1%81%D1%81%D0%B8%D1%8F)">республиками</a>, 9&nbsp;&mdash;&nbsp;<a style="text-decoration-line: none; color: #0b0080; background: none;" title="Край (Россия)" href="https://ru.wikipedia.org/wiki/%D0%9A%D1%80%D0%B0%D0%B9_(%D0%A0%D0%BE%D1%81%D1%81%D0%B8%D1%8F)">краями</a>, 3&nbsp;&mdash;&nbsp;<a style="text-decoration-line: none; color: #0b0080; background: none;" title="Город федерального значения" href="https://ru.wikipedia.org/wiki/%D0%93%D0%BE%D1%80%D0%BE%D0%B4_%D1%84%D0%B5%D0%B4%D0%B5%D1%80%D0%B0%D0%BB%D1%8C%D0%BD%D0%BE%D0%B3%D0%BE_%D0%B7%D0%BD%D0%B0%D1%87%D0%B5%D0%BD%D0%B8%D1%8F">городами федерального значения</a>, 4&nbsp;&mdash;&nbsp;<a style="text-decoration-line: none; color: #0b0080; background: none;" title="Автономный округ (Россия)" href="https://ru.wikipedia.org/wiki/%D0%90%D0%B2%D1%82%D0%BE%D0%BD%D0%BE%D0%BC%D0%BD%D1%8B%D0%B9_%D0%BE%D0%BA%D1%80%D1%83%D0%B3_(%D0%A0%D0%BE%D1%81%D1%81%D0%B8%D1%8F)">автономными округами</a>&nbsp;и 1&nbsp;&mdash;&nbsp;<a style="text-decoration-line: none; color: #0b0080; background: none;" title="Еврейская автономная область" href="https://ru.wikipedia.org/wiki/%D0%95%D0%B2%D1%80%D0%B5%D0%B9%D1%81%D0%BA%D0%B0%D1%8F_%D0%B0%D0%B2%D1%82%D0%BE%D0%BD%D0%BE%D0%BC%D0%BD%D0%B0%D1%8F_%D0%BE%D0%B1%D0%BB%D0%B0%D1%81%D1%82%D1%8C">автономной областью</a>. Всего в России около 157 тысяч населённых пунктов<sup id="cite_ref-23" class="reference" style="line-height: 1em; unicode-bidi: isolate; white-space: nowrap; font-size: 11.2px;"><a style="text-decoration-line: none; color: #0b0080; background: none;" href="https://ru.wikipedia.org/wiki/%D0%A0%D0%BE%D1%81%D1%81%D0%B8%D1%8F#cite_note-23">[16]</a></sup><span class="noprint" style="margin-left: 3px;" title="#Федеративное устройство"><a style="text-decoration-line: none; color: #0b0080; background: none;" title="#Федеративное устройство" href="https://ru.wikipedia.org/wiki/%D0%A0%D0%BE%D1%81%D1%81%D0%B8%D1%8F#.D0.A4.D0.B5.D0.B4.D0.B5.D1.80.D0.B0.D1.82.D0.B8.D0.B2.D0.BD.D0.BE.D0.B5_.D1.83.D1.81.D1.82.D1.80.D0.BE.D0.B9.D1.81.D1.82.D0.B2.D0.BE"><img style="border: 0px; vertical-align: baseline; margin: 0px;" src="https://upload.wikimedia.org/wikipedia/commons/thumb/4/45/Arrow_Blue_Right_001.svg/10px-Arrow_Blue_Right_001.svg.png" srcset="//upload.wikimedia.org/wikipedia/commons/thumb/4/45/Arrow_Blue_Right_001.svg/15px-Arrow_Blue_Right_001.svg.png 1.5x, //upload.wikimedia.org/wikipedia/commons/thumb/4/45/Arrow_Blue_Right_001.svg/20px-Arrow_Blue_Right_001.svg.png 2x" alt="" width="10" height="10" data-file-width="100" data-file-height="100" /></a></span></p>\r\n<p style="margin: 0.5em 0px; line-height: inherit; color: #222222; font-family: sans-serif;">Россия граничит с восемнадцатью&nbsp;<a style="text-decoration-line: none; color: #0b0080; background: none;" title="Государство" href="https://ru.wikipedia.org/wiki/%D0%93%D0%BE%D1%81%D1%83%D0%B4%D0%B0%D1%80%D1%81%D1%82%D0%B2%D0%BE">государствами</a>&nbsp;(самый большой показатель в мире), включая два&nbsp;<a style="text-decoration-line: none; color: #0b0080; background: none;" title="Непризнанные и частично признанные государства" href="https://ru.wikipedia.org/wiki/%D0%9D%D0%B5%D0%BF%D1%80%D0%B8%D0%B7%D0%BD%D0%B0%D0%BD%D0%BD%D1%8B%D0%B5_%D0%B8_%D1%87%D0%B0%D1%81%D1%82%D0%B8%D1%87%D0%BD%D0%BE_%D0%BF%D1%80%D0%B8%D0%B7%D0%BD%D0%B0%D0%BD%D0%BD%D1%8B%D0%B5_%D0%B3%D0%BE%D1%81%D1%83%D0%B4%D0%B0%D1%80%D1%81%D1%82%D0%B2%D0%B0">частично признанных</a>&nbsp;и два&nbsp;<a style="text-decoration-line: none; color: #0b0080; background: none;" title="Непризнанные и частично признанные государства" href="https://ru.wikipedia.org/wiki/%D0%9D%D0%B5%D0%BF%D1%80%D0%B8%D0%B7%D0%BD%D0%B0%D0%BD%D0%BD%D1%8B%D0%B5_%D0%B8_%D1%87%D0%B0%D1%81%D1%82%D0%B8%D1%87%D0%BD%D0%BE_%D0%BF%D1%80%D0%B8%D0%B7%D0%BD%D0%B0%D0%BD%D0%BD%D1%8B%D0%B5_%D0%B3%D0%BE%D1%81%D1%83%D0%B4%D0%B0%D1%80%D1%81%D1%82%D0%B2%D0%B0">непризнанных</a>:</p>\r\n<ul style="margin: 0.3em 0px 0px 1.6em; padding: 0px; color: #222222; font-family: sans-serif;">\r\n<li style="margin-bottom: 0.1em;">по суше&nbsp;&mdash; с&nbsp;<a style="text-decoration-line: none; color: #0b0080; background: none;" title="Норвегия" href="https://ru.wikipedia.org/wiki/%D0%9D%D0%BE%D1%80%D0%B2%D0%B5%D0%B3%D0%B8%D1%8F">Норвегией</a>,&nbsp;<a style="text-decoration-line: none; color: #0b0080; background: none;" title="Финляндия" href="https://ru.wikipedia.org/wiki/%D0%A4%D0%B8%D0%BD%D0%BB%D1%8F%D0%BD%D0%B4%D0%B8%D1%8F">Финляндией</a>,&nbsp;<a style="text-decoration-line: none; color: #0b0080; background: none;" title="Эстония" href="https://ru.wikipedia.org/wiki/%D0%AD%D1%81%D1%82%D0%BE%D0%BD%D0%B8%D1%8F">Эстонией</a>,&nbsp;<a style="text-decoration-line: none; color: #0b0080; background: none;" title="Латвия" href="https://ru.wikipedia.org/wiki/%D0%9B%D0%B0%D1%82%D0%B2%D0%B8%D1%8F">Латвией</a>,&nbsp;<a style="text-decoration-line: none; color: #0b0080; background: none;" title="Литва" href="https://ru.wikipedia.org/wiki/%D0%9B%D0%B8%D1%82%D0%B2%D0%B0">Литвой</a>,&nbsp;<a style="text-decoration-line: none; color: #0b0080; background: none;" title="Польша" href="https://ru.wikipedia.org/wiki/%D0%9F%D0%BE%D0%BB%D1%8C%D1%88%D0%B0">Польшей</a>,&nbsp;<a style="text-decoration-line: none; color: #0b0080; background: none;" title="Белоруссия" href="https://ru.wikipedia.org/wiki/%D0%91%D0%B5%D0%BB%D0%BE%D1%80%D1%83%D1%81%D1%81%D0%B8%D1%8F">Белоруссией</a>,&nbsp;<a style="text-decoration-line: none; color: #0b0080; background: none;" title="Украина" href="https://ru.wikipedia.org/wiki/%D0%A3%D0%BA%D1%80%D0%B0%D0%B8%D0%BD%D0%B0">Украиной</a>,&nbsp;<a style="text-decoration-line: none; color: #0b0080; background: none;" title="Грузия" href="https://ru.wikipedia.org/wiki/%D0%93%D1%80%D1%83%D0%B7%D0%B8%D1%8F">Грузией</a>,&nbsp;<a style="text-decoration-line: none; color: #0b0080; background: none;" title="Азербайджан" href="https://ru.wikipedia.org/wiki/%D0%90%D0%B7%D0%B5%D1%80%D0%B1%D0%B0%D0%B9%D0%B4%D0%B6%D0%B0%D0%BD">Азербайджаном</a>,&nbsp;<a style="text-decoration-line: none; color: #0b0080; background: none;" title="Казахстан" href="https://ru.wikipedia.org/wiki/%D0%9A%D0%B0%D0%B7%D0%B0%D1%85%D1%81%D1%82%D0%B0%D0%BD">Казахстаном</a>,&nbsp;<a style="text-decoration-line: none; color: #0b0080; background: none;" title="Монголия" href="https://ru.wikipedia.org/wiki/%D0%9C%D0%BE%D0%BD%D0%B3%D0%BE%D0%BB%D0%B8%D1%8F">Монголией</a>,&nbsp;<a style="text-decoration-line: none; color: #0b0080; background: none;" title="Китайская Народная Республика" href="https://ru.wikipedia.org/wiki/%D0%9A%D0%B8%D1%82%D0%B0%D0%B9%D1%81%D0%BA%D0%B0%D1%8F_%D0%9D%D0%B0%D1%80%D0%BE%D0%B4%D0%BD%D0%B0%D1%8F_%D0%A0%D0%B5%D1%81%D0%BF%D1%83%D0%B1%D0%BB%D0%B8%D0%BA%D0%B0">КНР</a>,&nbsp;<a style="text-decoration-line: none; color: #0b0080; background: none;" title="Корейская Народно-Демократическая Республика" href="https://ru.wikipedia.org/wiki/%D0%9A%D0%BE%D1%80%D0%B5%D0%B9%D1%81%D0%BA%D0%B0%D1%8F_%D0%9D%D0%B0%D1%80%D0%BE%D0%B4%D0%BD%D0%BE-%D0%94%D0%B5%D0%BC%D0%BE%D0%BA%D1%80%D0%B0%D1%82%D0%B8%D1%87%D0%B5%D1%81%D0%BA%D0%B0%D1%8F_%D0%A0%D0%B5%D1%81%D0%BF%D1%83%D0%B1%D0%BB%D0%B8%D0%BA%D0%B0">КНДР</a>,&nbsp;<a style="text-decoration-line: none; color: #0b0080; background: none;" title="Южная Осетия" href="https://ru.wikipedia.org/wiki/%D0%AE%D0%B6%D0%BD%D0%B0%D1%8F_%D0%9E%D1%81%D0%B5%D1%82%D0%B8%D1%8F">Южной Осетией</a><sup id="cite_ref-.D1.87.D0.B0.D1.81.D1.82.D0.B8.D1.87.D0.BD.D0.BE_.D0.BF.D1.80.D0.B8.D0.B7.D0.BD.D0.B0.D0.BD.D0.BD.D0.BE.D0.B5_.D0.B3.D0.BE.D1.81.D1.83.D0.B4.D0.B0.D1.80.D1.81.D1.82.D0.B2.D0.BE_24-0" class="reference" style="line-height: 1em; unicode-bidi: isolate; white-space: nowrap; font-size: 11.2px;"><a style="text-decoration-line: none; color: #0b0080; background: none;" href="https://ru.wikipedia.org/wiki/%D0%A0%D0%BE%D1%81%D1%81%D0%B8%D1%8F#cite_note-.D1.87.D0.B0.D1.81.D1.82.D0.B8.D1.87.D0.BD.D0.BE_.D0.BF.D1.80.D0.B8.D0.B7.D0.BD.D0.B0.D0.BD.D0.BD.D0.BE.D0.B5_.D0.B3.D0.BE.D1.81.D1.83.D0.B4.D0.B0.D1.80.D1.81.D1.82.D0.B2.D0.BE-24">[К 8]</a></sup>,&nbsp;<a style="text-decoration-line: none; color: #0b0080; background: none;" title="Республика Абхазия" href="https://ru.wikipedia.org/wiki/%D0%A0%D0%B5%D1%81%D0%BF%D1%83%D0%B1%D0%BB%D0%B8%D0%BA%D0%B0_%D0%90%D0%B1%D1%85%D0%B0%D0%B7%D0%B8%D1%8F">Абхазией</a><sup id="cite_ref-.D1.87.D0.B0.D1.81.D1.82.D0.B8.D1.87.D0.BD.D0.BE_.D0.BF.D1.80.D0.B8.D0.B7.D0.BD.D0.B0.D0.BD.D0.BD.D0.BE.D0.B5_.D0.B3.D0.BE.D1.81.D1.83.D0.B4.D0.B0.D1.80.D1.81.D1.82.D0.B2.D0.BE_24-1" class="reference" style="line-height: 1em; unicode-bidi: isolate; white-space: nowrap; font-size: 11.2px;"><a style="text-decoration-line: none; color: #0b0080; background: none;" href="https://ru.wikipedia.org/wiki/%D0%A0%D0%BE%D1%81%D1%81%D0%B8%D1%8F#cite_note-.D1.87.D0.B0.D1.81.D1.82.D0.B8.D1.87.D0.BD.D0.BE_.D0.BF.D1.80.D0.B8.D0.B7.D0.BD.D0.B0.D0.BD.D0.BD.D0.BE.D0.B5_.D0.B3.D0.BE.D1.81.D1.83.D0.B4.D0.B0.D1.80.D1.81.D1.82.D0.B2.D0.BE-24">[К 8]</a></sup>,&nbsp;<a style="text-decoration-line: none; color: #0b0080; background: none;" title="Луганская Народная Республика" href="https://ru.wikipedia.org/wiki/%D0%9B%D1%83%D0%B3%D0%B0%D0%BD%D1%81%D0%BA%D0%B0%D1%8F_%D0%9D%D0%B0%D1%80%D0%BE%D0%B4%D0%BD%D0%B0%D1%8F_%D0%A0%D0%B5%D1%81%D0%BF%D1%83%D0%B1%D0%BB%D0%B8%D0%BA%D0%B0">ЛНР</a><sup id="cite_ref-.D0.BD.D0.B5.D0.BF.D1.80.D0.B8.D0.B7.D0.BD.D0.B0.D0.BD.D0.BD.D0.BE.D0.B5_.D0.B3.D0.BE.D1.81.D1.83.D0.B4.D0.B0.D1.80.D1.81.D1.82.D0.B2.D0.BE_25-0" class="reference" style="line-height: 1em; unicode-bidi: isolate; white-space: nowrap; font-size: 11.2px;"><a style="text-decoration-line: none; color: #0b0080; background: none;" href="https://ru.wikipedia.org/wiki/%D0%A0%D0%BE%D1%81%D1%81%D0%B8%D1%8F#cite_note-.D0.BD.D0.B5.D0.BF.D1.80.D0.B8.D0.B7.D0.BD.D0.B0.D0.BD.D0.BD.D0.BE.D0.B5_.D0.B3.D0.BE.D1.81.D1.83.D0.B4.D0.B0.D1.80.D1.81.D1.82.D0.B2.D0.BE-25">[К 9]</a></sup>,&nbsp;<a style="text-decoration-line: none; color: #0b0080; background: none;" title="Донецкая Народная Республика" href="https://ru.wikipedia.org/wiki/%D0%94%D0%BE%D0%BD%D0%B5%D1%86%D0%BA%D0%B0%D1%8F_%D0%9D%D0%B0%D1%80%D0%BE%D0%B4%D0%BD%D0%B0%D1%8F_%D0%A0%D0%B5%D1%81%D0%BF%D1%83%D0%B1%D0%BB%D0%B8%D0%BA%D0%B0">ДНР</a><sup id="cite_ref-.D0.BD.D0.B5.D0.BF.D1.80.D0.B8.D0.B7.D0.BD.D0.B0.D0.BD.D0.BD.D0.BE.D0.B5_.D0.B3.D0.BE.D1.81.D1.83.D0.B4.D0.B0.D1.80.D1.81.D1.82.D0.B2.D0.BE_25-1" class="reference" style="line-height: 1em; unicode-bidi: isolate; white-space: nowrap; font-size: 11.2px;"><a style="text-decoration-line: none; color: #0b0080; background: none;" href="https://ru.wikipedia.org/wiki/%D0%A0%D0%BE%D1%81%D1%81%D0%B8%D1%8F#cite_note-.D0.BD.D0.B5.D0.BF.D1.80.D0.B8.D0.B7.D0.BD.D0.B0.D0.BD.D0.BD.D0.BE.D0.B5_.D0.B3.D0.BE.D1.81.D1.83.D0.B4.D0.B0.D1.80.D1.81.D1.82.D0.B2.D0.BE-25">[К 9]</a></sup>;</li>\r\n<li style="margin-bottom: 0.1em;">по морю&nbsp;&mdash; с&nbsp;<a style="text-decoration-line: none; color: #0b0080; background: none;" title="Япония" href="https://ru.wikipedia.org/wiki/%D0%AF%D0%BF%D0%BE%D0%BD%D0%B8%D1%8F">Японией</a>&nbsp;и&nbsp;<a style="text-decoration-line: none; color: #0b0080; background: none;" title="Соединённые Штаты Америки" href="https://ru.wikipedia.org/wiki/%D0%A1%D0%BE%D0%B5%D0%B4%D0%B8%D0%BD%D1%91%D0%BD%D0%BD%D1%8B%D0%B5_%D0%A8%D1%82%D0%B0%D1%82%D1%8B_%D0%90%D0%BC%D0%B5%D1%80%D0%B8%D0%BA%D0%B8">США</a>.<span class="noprint" style="margin-left: 3px;" title="#Географическое положение"><a style="text-decoration-line: none; color: #0b0080; background: none;" title="#Географическое положение" href="https://ru.wikipedia.org/wiki/%D0%A0%D0%BE%D1%81%D1%81%D0%B8%D1%8F#.D0.93.D0.B5.D0.BE.D0.B3.D1.80.D0.B0.D1.84.D0.B8.D1.87.D0.B5.D1.81.D0.BA.D0.BE.D0.B5_.D0.BF.D0.BE.D0.BB.D0.BE.D0.B6.D0.B5.D0.BD.D0.B8.D0.B5"><img style="border: 0px; vertical-align: baseline;" src="https://upload.wikimedia.org/wikipedia/commons/thumb/4/45/Arrow_Blue_Right_001.svg/10px-Arrow_Blue_Right_001.svg.png" srcset="//upload.wikimedia.org/wikipedia/commons/thumb/4/45/Arrow_Blue_Right_001.svg/15px-Arrow_Blue_Right_001.svg.png 1.5x, //upload.wikimedia.org/wikipedia/commons/thumb/4/45/Arrow_Blue_Right_001.svg/20px-Arrow_Blue_Right_001.svg.png 2x" alt="" width="10" height="10" data-file-width="100" data-file-height="100" /></a></span></li>\r\n</ul>', '3647.78591.jpg', 'russia_1', 'image/jpeg', 2446150, '2017-09-29 21:08:45', '0000-00-00 00:00:00'),
(26, 'Рязань', 'Ryazan', '<p>г. Рязань, ул. Свободы</p>', '94143110.jpg', 'ryazan', 'image/jpeg', 154811, '2017-10-08 20:34:12', '0000-00-00 00:00:00'),
(27, 'Озеро', 'lake', '<p><span style="font-family: ''Open Sans'', Arial, sans-serif; text-align: justify;">Lorem ipsum dolor sit amet, consectetur adipiscing elit. Curabitur vel arcu orci. Proin tempus ut nunc nec eleifend. Integer elementum leo imperdiet arcu dignissim, eu ornare est aliquam. Suspendisse potenti. Aliquam iaculis sem vel ligula accumsan egestas. Phasellus facilisis enim sit amet est gravida auctor. Class aptent taciti sociosqu ad litora torquent per conubia nostra, per inceptos himenaeos. Donec aliquet eros ipsum, at sodales dui finibus non. Proin vel varius nisl. Proin luctus enim quis nisl convallis dictum. Nullam vestibulum iaculis ante, at mollis nisi maximus ac. Nulla varius, urna at sollicitudin volutpat, ex odio sodales tellus, quis sollicitudin nisi dui vel metus.</span></p>', '42924596.jpg', 'lake', 'image/jpeg', 405474, '2017-10-09 15:56:56', '0000-00-00 00:00:00'),
(29, 'Египет', 'egipt', '<p><span style="color: #333333; font-family: ''Source Sans Pro''; text-align: justify;">Повседневная практика показывает, что новая модель организационной деятельности позволяет оценить значение новых предложений. Значимость этих проблем настолько очевидна, что дальнейшее развитие различных форм деятельности требуют определения и уточнения новых предложений. Разнообразный и богатый опыт начало повседневной работы по формированию позиции позволяет оценить значение позиций, занимаемых участниками в отношении поставленных задач. Разнообразный и богатый опыт постоянное информационно-пропагандистское обеспечение нашей деятельности влечет за собой процесс внедрения и модернизации модели развития.</span></p>', 'egipt_1.jpg', 'egipt', 'image/jpeg', 2714090, '2017-10-13 22:00:02', '0000-00-00 00:00:00'),
(30, 'Тульская область', 'tula_region_1', '<p><span style="color: #333333; font-family: ''Source Sans Pro''; text-align: justify;">Товарищи! новая модель организационной деятельности представляет собой интересный эксперимент проверки новых предложений. Задача организации, в особенности же дальнейшее развитие различных форм деятельности представляет собой интересный эксперимент проверки существенных финансовых и административных условий. Не следует, однако забывать, что постоянный количественный рост и сфера нашей активности играет важную роль в формировании системы обучения кадров, соответствует насущным потребностям.</span></p>', 'tula_region_5.jpg', 'tula_region_1', 'image/jpeg', 3587292, '2017-10-15 15:55:13', '0000-00-00 00:00:00'),
(31, 'hyperloop', 'hyperloop', '<p><span style="color: #333333; font-family: ''Source Sans Pro''; text-align: justify;">Повседневная практика показывает, что сложившаяся структура организации в значительной степени обуславливает создание системы обучения кадров, соответствует насущным потребностям. Таким образом новая модель организационной деятельности позволяет оценить значение позиций, занимаемых участниками в отношении поставленных задач.</span></p>', 'hyperloop.jpg', 'hyperloop', 'image/jpeg', 1003550, '2017-10-15 16:05:44', '0000-00-00 00:00:00'),
(33, 'Исландия', 'Island', '<p><strong style="color: #222222; font-family: sans-serif;">Исла́ндия</strong><span style="color: #222222; font-family: sans-serif;">&nbsp;(</span><a style="text-decoration-line: none; color: #0b0080; background-image: none; background-position: initial; background-size: initial; background-repeat: initial; background-attachment: initial; background-origin: initial; background-clip: initial; font-family: sans-serif;" title="Исландский язык" href="https://ru.wikipedia.org/wiki/%D0%98%D1%81%D0%BB%D0%B0%D0%BD%D0%B4%D1%81%D0%BA%D0%B8%D0%B9_%D1%8F%D0%B7%D1%8B%D0%BA">исл.</a><span style="color: #222222; font-family: sans-serif;">&nbsp;</span><span lang="is" style="color: #222222; font-family: sans-serif; font-style: italic;">&Iacute;sland</span><span style="color: #222222; font-family: sans-serif;">&nbsp;</span><span class="IPA" style="font-family: ''Arial Unicode MS'', ''Lucida Sans Unicode''; color: #222222;"><a style="text-decoration-line: none; color: #0b0080; background: none;" title="Международный фонетический алфавит" href="https://ru.wikipedia.org/wiki/%D0%9C%D0%B5%D0%B6%D0%B4%D1%83%D0%BD%D0%B0%D1%80%D0%BE%D0%B4%D0%BD%D1%8B%D0%B9_%D1%84%D0%BE%D0%BD%D0%B5%D1%82%D0%B8%D1%87%D0%B5%D1%81%D0%BA%D0%B8%D0%B9_%D0%B0%D0%BB%D1%84%D0%B0%D0%B2%D0%B8%D1%82">[ˈislant]</a></span><span style="color: #222222; font-family: sans-serif;">&nbsp;&mdash; &laquo;страна льдов&raquo; или &laquo;ледяная страна&raquo;)&nbsp;&mdash;&nbsp;</span><a style="text-decoration-line: none; color: #0b0080; background-image: none; background-position: initial; background-size: initial; background-repeat: initial; background-attachment: initial; background-origin: initial; background-clip: initial; font-family: sans-serif;" title="Островное государство" href="https://ru.wikipedia.org/wiki/%D0%9E%D1%81%D1%82%D1%80%D0%BE%D0%B2%D0%BD%D0%BE%D0%B5_%D0%B3%D0%BE%D1%81%D1%83%D0%B4%D0%B0%D1%80%D1%81%D1%82%D0%B2%D0%BE">островное государство</a><span style="color: #222222; font-family: sans-serif;">, расположенное на западе Северной Европы в северной части&nbsp;</span><a style="text-decoration-line: none; color: #0b0080; background-image: none; background-position: initial; background-size: initial; background-repeat: initial; background-attachment: initial; background-origin: initial; background-clip: initial; font-family: sans-serif;" title="Атлантический океан" href="https://ru.wikipedia.org/wiki/%D0%90%D1%82%D0%BB%D0%B0%D0%BD%D1%82%D0%B8%D1%87%D0%B5%D1%81%D0%BA%D0%B8%D0%B9_%D0%BE%D0%BA%D0%B5%D0%B0%D0%BD">Атлантического океана</a><span style="color: #222222; font-family: sans-serif;">&nbsp;(к северо-западу от&nbsp;</span><a style="text-decoration-line: none; color: #0b0080; background-image: none; background-position: initial; background-size: initial; background-repeat: initial; background-attachment: initial; background-origin: initial; background-clip: initial; font-family: sans-serif;" title="Великобритания" href="https://ru.wikipedia.org/wiki/%D0%92%D0%B5%D0%BB%D0%B8%D0%BA%D0%BE%D0%B1%D1%80%D0%B8%D1%82%D0%B0%D0%BD%D0%B8%D1%8F">Великобритании</a><span style="color: #222222; font-family: sans-serif;">). Территория государства состоит из одноимённого острова площадью 103 тыс. км&sup2; и небольших островков около него.</span></p>', 'island_reg_3.jpg', 'Island', 'image/jpeg', 2565815, '2017-10-21 20:39:28', '0000-00-00 00:00:00'),
(34, '', '', '', '3.jpg', '', 'image/jpeg', 954782, '0000-00-00 00:00:00', '0000-00-00 00:00:00');

-- --------------------------------------------------------

--
-- Структура таблицы `users`
--

CREATE TABLE IF NOT EXISTS `users` (
  `id` int(11) NOT NULL,
  `username` varchar(255) NOT NULL,
  `password` varchar(255) NOT NULL,
  `first_name` varchar(255) NOT NULL,
  `last_name` varchar(255) NOT NULL,
  `user_image` varchar(255) DEFAULT NULL
) ENGINE=InnoDB AUTO_INCREMENT=47 DEFAULT CHARSET=utf8;

--
-- Дамп данных таблицы `users`
--

INSERT INTO `users` (`id`, `username`, `password`, `first_name`, `last_name`, `user_image`) VALUES
(13, 'vasya_pupkin', 'ccb3ac0d883c12642a17ac5440f2869b', 'vasya', 'pupkin', 'pupkin.jpg'),
(34, 'John Doe', '202cb962ac59075b964b07152d234b70', 'John', 'Doe', 'd4084a181e9382e070783858c0ccafd8_400x400.jpeg'),
(42, 'Pyatachok', 'ccb3ac0d883c12642a17ac5440f2869b', 'Pyatachok', 'не указана', 'piytachok.jpg'),
(44, 'Jeff Lebowsky', 'ccb3ac0d883c12642a17ac5440f2869b', 'Jeff', 'Lebowsky', 'aerolizer_1382894149728_2048.jpg'),
(46, 'Bill Gates', 'ccb3ac0d883c12642a17ac5440f2869b', 'Billy', 'Gates', 'billg1_print.jpg');

--
-- Индексы сохранённых таблиц
--

--
-- Индексы таблицы `comments`
--
ALTER TABLE `comments`
  ADD PRIMARY KEY (`id`),
  ADD KEY `photo_id` (`photo_id`);

--
-- Индексы таблицы `photos`
--
ALTER TABLE `photos`
  ADD PRIMARY KEY (`id`);

--
-- Индексы таблицы `users`
--
ALTER TABLE `users`
  ADD PRIMARY KEY (`id`);

--
-- AUTO_INCREMENT для сохранённых таблиц
--

--
-- AUTO_INCREMENT для таблицы `comments`
--
ALTER TABLE `comments`
  MODIFY `id` int(11) NOT NULL AUTO_INCREMENT,AUTO_INCREMENT=99;
--
-- AUTO_INCREMENT для таблицы `photos`
--
ALTER TABLE `photos`
  MODIFY `id` int(11) NOT NULL AUTO_INCREMENT,AUTO_INCREMENT=35;
--
-- AUTO_INCREMENT для таблицы `users`
--
ALTER TABLE `users`
  MODIFY `id` int(11) NOT NULL AUTO_INCREMENT,AUTO_INCREMENT=47;
/*!40101 SET CHARACTER_SET_CLIENT=@OLD_CHARACTER_SET_CLIENT */;
/*!40101 SET CHARACTER_SET_RESULTS=@OLD_CHARACTER_SET_RESULTS */;
/*!40101 SET COLLATION_CONNECTION=@OLD_COLLATION_CONNECTION */;
